{
    "lime": "Vert clair",
    "green": "Vert",
    "emerald": "Émeraude",
    "teal": "Bleu-vert",
    "cyan": "Cyan",
    "cobalt": "Cobalt",
    "indigo": "Indigo",
    "violet": "Violet",
    "pink": "Rose",
    "magenta": "Magenta",
    "crimson": "Pourpre",
    "red": "Rouge",
    "orange": "Orange",
    "amber": "Ambre",
    "yellow": "Jaune",
    "brown": "Brun",
    "olive": "Vert olive",
    "steel": "Gris acier",
    "mauve": "Mauve",
    "taupe": "Taupe",
    "custom_color": "Couleur personnalisée"
}