{
    "common": {
        "next": "suivant",
        "previous": "précédent",
        "pleaseWait": "S'il vous plaît, attendez..."
    },
    "welcome": {
        "install": "Bienvenue",
        "update": "Bienvenue de nouveau",
        "appName": "Groove Launcher",
        "setupIntro": "Configurons votre expérience en quelques étapes seulement.",
        "warning": "Attention : il s'agit d'un logiciel préliminaire et il peut contenir des bugs."
    },
    "wizard": {
        "title": "Assistant de mise à jour",
        "description": "Assurons-nous que vos données sont transférées en toute sécurité ! Cliquez sur Suivant pour continuer."
    },
    "access": {
        "title": "Options D'ergonomie",
        "description": "Personnalisez votre expérience pour vous assurer que tout se passe bien.",
        "background": "Arrière-plan",
        "scaling": "Mise à l'échelle"
    },
    "themes": {
        "light": "Clair",
        "dark": "Sombre"
    },
    "colors": {
        "title": "Choisissez votre couleur",
        "description": "Choisir une couleur qui correspond à votre humeur."
    },
    "whatsnew": {
        "title": "Quoi de neuf?"
    },
    "finish": {
        "title": "Préparez-vous pour Groove",
        "description": "Votre configuration est terminée!"
    }
}