{
    "lime": "ライム",
    "green": "グリーン",
    "emerald": "エメラルド",
    "teal": "ティール",
    "cyan": "シアン",
    "cobalt": "コバルト",
    "indigo": "インディゴ",
    "violet": "バイオレット",
    "pink": "ピンク",
    "magenta": "マゼンタ",
    "crimson": "クリムゾン",
    "red": "レッド",
    "orange": "オレンジ",
    "amber": "アンバー",
    "yellow": "イエロー",
    "brown": "ブラウン",
    "olive": "オリーブ",
    "steel": "スチール",
    "mauve": "モーブ",
    "taupe": "トープ",
    "custom_color": "Custom color"
}