{
  "actions": {
    "ok": "Ok",
    "okay": "Okay",
    "yes": "はい",
    "no": "いいえ",
    "uninstall": "Uninstall",
    "cancel": "Cancel",
    "apply": "Apply",
    "try_again": "Try again",
    "light": "白",
    "dark": "黑",
    "remove": "Remove",
    "on": "オン",
    "off": "オフ",
    "locked": "Locked",
    "unlocked": "Unlocked"
  },
  "search": {
    "title": "検索",
    "no_results": "{{query}} の結果はありません",
    "search_store": "ストアを検索"
  },
  "errors": {
    "webview_old": "WebView is too old!",
    "home_reset": "Your home screen was reset because of a fatal error :( Please report this:",
    "launch_timeout": "System took too long to launch"
  },
  "app_menu": {
    "pin_to_home": "ホーム画面に追加",
    "uninstall": "削除"
  },
  "alerts": {
    "default": {
      "title": "Alert!",
      "message": "Message"
    },
    "uninstall": {
      "title": "このアプリを削除しますか？",
      "message": "このアプリとそれに含まれるすべての情報はデバイスから削除されます。"
    }
  },
  "numbers": {
    "percent": "{{value}}%",
    "decimal": "{{whole}}.{{decimal}}",
    "bytes": {
      "b": "{{size}}B",
      "kb": "{{size}}KB",
      "mb": "{{size}}MB",
      "gb": "{{size}}GB",
      "tb": "{{size}}TB"
    }
  }
}