{
    "lime": "Lima",
    "green": "Verde",
    "emerald": "Esmeralda",
    "teal": "Azul-petróleo",
    "cyan": "Ciano",
    "cobalt": "Cobalto",
    "indigo": "Índigo",
    "violet": "Violeta",
    "pink": "Rosa",
    "magenta": "Magenta",
    "crimson": "Carmim",
    "red": "Vermelho",
    "orange": "Laranja",
    "amber": "Âmbar",
    "yellow": "Amarelo",
    "brown": "Marrom",
    "olive": "Verde-oliva",
    "steel": "Chumbo",
    "mauve": "Malva",
    "taupe": "Cinza-claro",
    "custom_color": "Cor personalizada"
}