{
    "common": {
        "next": "próximo",
        "previous": "prévio",
        "pleaseWait": "Aguarde..."
    },
    "welcome": {
        "install": "Bem-vindo",
        "update": "Bem-vindo de volta",
        "appName": "Groove Launcher",
        "setupIntro": "Vamos configurar sua experiência em algumas etapas curtas.",
        "warning": "Aviso: este é um software pre-release e pode conter falhas."
    },
    "wizard": {
        "title": "Assistente de atualização",
        "description": "Vamos garantir que seus dados sejam movidos com segurança! Clique em Avançar para continuar."
    },
    "access": {
        "title": "Facilidade de acesso",
        "description": "Personalize sua experiência para garantir que tudo pareça perfeito.",
        "background": "Tela de fundo",
        "scaling": "Escala"
    },
    "themes": {
        "light": "Clara",
        "dark": "Escura"
    },
    "colors": {
        "title": "Escolha sua cor",
        "description": "Escolha uma cor de destaque para expressar seu espirito."
    },
    "whatsnew": {
        "title": "O que há de novo?"
    },
    "finish": {
        "title": "Prepare-se para o Groove",
        "description": "Sua configuração está pronta. Hora de mergulhar dentro!"
    }
}