{
    "lime": "Lime",
    "green": "Verde",
    "emerald": "Smeraldo",
    "teal": "Verde acqua",
    "cyan": "Ciano",
    "cobalt": "Cobalto",
    "indigo": "Indaco",
    "violet": "Viola",
    "pink": "Rosa",
    "magenta": "Fuscia",
    "crimson": "Porpora",
    "red": "Rosso",
    "orange": "Arancione",
    "amber": "Ambra",
    "yellow": "Giallo",
    "brown": "Marrone",
    "olive": "Oliva",
    "steel": "Acciaio",
    "mauve": "Malva",
    "taupe": "Talpa",
    "custom_color": "Colore personalizzato"
}