{
  "actions": {
    "ok": "Ok",
    "okay": "Okay",
    "yes": "Sì",
    "no": "No",
    "uninstall": "Disinstallare",
    "cancel": "Cancel",
    "apply": "Apply",
    "try_again": "Try again",
    "light": "Chiaro",
    "dark": "Scuro",
    "remove": "Rimuovi",
    "on": "Sì",
    "off": "No",
    "locked": "Locked",
    "unlocked": "Unlocked"
  },
  "search": {
    "title": "Cerca",
    "no_results": "Nessun risultato per {{query}}",
    "search_store": "cerca nello Store"
  },
  "errors": {
    "webview_old": "WebView is too old!",
    "home_reset": "Your home screen was reset because of a fatal error :( Please report this:",
    "launch_timeout": "System took too long to launch"
  },
  "app_menu": {
    "pin_to_home": "Aggiungi a home",
    "uninstall": "Rimuovi"
  },
  "alerts": {
    "default": {
      "title": "Alert!",
      "message": "Message"
    },
    "uninstall": {
      "title": "Vuoi rimuovere l'app?",
      "message": "Rimuoverò dal dispositivo l’app e tutte le informazioni che contiene."
    }
  },
  "numbers": {
    "percent": "{{value}}%",
    "decimal": "{{whole}},{{decimal}}",
    "bytes": {
      "b": "{{size}} B",
      "kb": "{{size}} B",
      "mb": "{{size}} MB",
      "gb": "{{size}} GB",
      "tb": "{{size}} TB"
    }
  }
}