{
    "common": {
        "next": "avanti",
        "previous": "indietro",
        "pleaseWait": "Attendere..."
    },
    "welcome": {
        "install": "Benvenuto",
        "update": "Bentornato",
        "appName": "Groove Launcher",
        "setupIntro": "Configuriamo la tua esperienza in pochi passaggi.",
        "warning": "Attenzione: questo è un software in fase di pre-rilascio e potrebbe contenere bug."
    },
    "wizard": {
        "title": "Procedura di Aggiornamento",
        "description": "Assicuriamoci che i tuoi dati vengano trasferiti in modo sicuro! Clicca su “Avanti” per continuare."
    },
    "access": {
        "title": "Accessibilità",
        "description": "Personalizza la tua esperienza per assicurarti che tutto sia perfetto.",
        "background": "Sfondo",
        "scaling": "Scala"
    },
    "themes": {
        "light": "Chiaro",
        "dark": "Scuro"
    },
    "colors": {
        "title": "Scegli il tuo colore",
        "description": "Scegli un colore che rispecchi il tuo umore."
    },
    "whatsnew": {
        "title": "Cosa c’è di Nuovo?"
    },
    "finish": {
        "title": "Preparati per Groove",
        "description": "La configurazione è terminata. È il momento di immergerti!"
    }
}