{
    "lime": "Λαχανί",
    "green": "Πράσινο",
    "emerald": "Σμαράγδι",
    "teal": "Πετρόλ",
    "cyan": "Γαλάζιο",
    "cobalt": "Βαθύ μπλε",
    "indigo": "Λουλακί",
    "violet": "Βιολετί",
    "pink": "Ροζ",
    "magenta": "Ματζέντα",
    "crimson": "Βαθύ κόκκινο",
    "red": "Κόκκινο",
    "orange": "Πορτοκαλί",
    "amber": "Καφέκίτρινο",
    "yellow": "Κίτρινο",
    "brown": "Καφέ",
    "olive": "Λαδί",
    "steel": "Ασημί",
    "mauve": "Μοβ",
    "taupe": "Ποντικί",
    "custom_color": "Άλλο χρώμα"
}