{
  "actions": {
    "ok": "Εντάξει",
    "okay": "Εντάξει",
    "yes": "Ναι",
    "no": "Όχι",
    "uninstall": "Κατάργηση",
    "cancel": "Cancel",
    "apply": "Apply",
    "try_again": "Try again",
    "light": "Ανοιχτό",
    "dark": "Σκούρο",
    "remove": "Remove",
    "on": "Ενεργό",
    "off": "Ανενεργό",
    "locked": "Locked",
    "unlocked": "Unlocked"
  },
  "search": {
    "title": "Αναζήτηση",
    "no_results": "Δεν βρέθηκαν αποτελέσματα για {{query}}",
    "search_store": "αναζήτηση στο Store"
  },
  "errors": {
    "webview_old": "WebView is too old!",
    "home_reset": "Your home screen was reset because of a fatal error :( Please report this:",
    "launch_timeout": "System took too long to launch"
  },
  "app_menu": {
    "pin_to_home": "Καρφίτσωμα στην αρχική οθόνη",
    "uninstall": "Κατάργηση"
  },
  "alerts": {
    "default": {
      "title": "Alert!",
      "message": "Message"
    },
    "uninstall": {
      "title": "Να καταργηθεί η εφαρμογή;",
      "message": "Αυτή η εφαρμογή και τυχόν πληροφορίες που περιέχει θα διαγραφούν από τη συσκευή σας."
    }
  },
  "numbers": {
    "percent": "{{value}}%",
    "decimal": "{{whole}},{{decimal}}",
    "bytes": {
      "b": "{{size}} B",
      "kb": "{{size}} KB",
      "mb": "{{size}} MB",
      "gb": "{{size}} GB",
      "tb": "{{size}} TB"
    }
  }
}