{
    "lime": "Verde gălbui",
    "green": "Verde",
    "emerald": "Smarald",
    "teal": "Albastru verzui",
    "cyan": "Bleu",
    "cobalt": "Cobalt",
    "indigo": "Indigo",
    "violet": "Violet",
    "pink": "Roz",
    "magenta": "Fucsia",
    "crimson": "Roșu sângeriu",
    "red": "Roșu",
    "orange": "Portocaliu",
    "amber": "Chihlimbar",
    "yellow": "Galben",
    "brown": "Maro",
    "olive": "Măsliniu",
    "steel": "Oțel",
    "mauve": "Mov",
    "taupe": "Maro deschis",
    "custom_color": "Culoare personalizată"
}