{
    "lime": "Светло-зелёный",
    "green": "Зелёный",
    "emerald": "Изумрудный",
    "teal": "Сине-зелёный",
    "cyan": "Голубой",
    "cobalt": "Кобальтовый",
    "indigo": "Индиго",
    "violet": "Фиолетовый",
    "pink": "Розовый",
    "magenta": "Пурпурный",
    "crimson": "Малиновый",
    "red": "Красный",
    "orange": "Оранжевый",
    "amber": "Янтарный",
    "yellow": "Жёлтый",
    "brown": "Коричневый",
    "olive": "Оливковый",
    "steel": "Стальной",
    "mauve": "Розовато-лиловый",
    "taupe": "Тёмно-серый",
    "custom_color": "Свой цвет"
}