{
  "actions": {
    "ok": "Ок",
    "okay": "Хорошо",
    "yes": "Да",
    "no": "Нет",
    "uninstall": "Удалить",
    "cancel": "Отмена",
    "apply": "Применить",
    "try_again": "Повторите попытку",
    "light": "Светлый",
    "dark": "Тёмный",
    "remove": "Удалить",
    "on": "Вкл",
    "off": "Выкл",
    "locked": "Заблокирован",
    "unlocked": "Разблокирован"
  },
  "search": {
    "title": "Поиск",
    "no_results": "Нет результатов: {{query}}",
    "search_store": "поиск в Магазине"
  },
  "errors": {
    "webview_old": "WebView устарел!",
    "home_reset": "Ваш рабочий стол был сброшен из-за фатальной ошибки :( Пожалуйста, сообщите об этом:",
    "launch_timeout": "Запуск системы занял слишком много времени"
  },
  "app_menu": {
    "pin_to_home": "На рабочий стол",
    "uninstall": "Удалить"
  },
  "alerts": {
    "default": {
      "title": "Внимание!",
      "message": "Сообщение"
    },
    "uninstall": {
      "title": "Удалить приложение?",
      "message": "Это приложение плюс любая информация, содержащаяся в нём, будет удалено с вашего устройства."
    }
  },
  "numbers": {
    "percent": "{{value}}%",
    "decimal": "{{whole}},{{decimal}}",
    "bytes": {
      "b": "{{size}} Б",
      "kb": "{{size}} КБ",
      "mb": "{{size}} МБ",
      "gb": "{{size}} ГБ",
      "tb": "{{size}} ТБ"
    }
  }
}