{
    "entry": "<strong>Лаунчер Groove</strong> — это лаунчер в стиле Metro, разработанный для индивидуального и элегантного использования. Пользователи могут персонализировать свой лаунчер, настраивая размер плиток, изменяя их позицию, настраивая цветовую тему и устанавливая свои любимые обои.",
    "title_features": "Возможности",
    "list_featuers_0": "<strong>Интерфейс Метро-Стиля:</strong> Чистый и современный дизайн вдохновлен Windows Phone 8.",
    "list_featuers_1": "<strong>Настраиваемые плитки:</strong> перетаскивайте плитки, изменяйте их размеры и перемещайте их в соответствии со своим уникальным стилем.",
    "list_featuers_2": "<strong>Настройка темы:</strong> Измените цвет лаунчера, чтобы соответствовать настроению или эстетике.",
    "list_featuers_3": "<strong>Персонализация обоев:</strong> Выберите и установите свои собственные обои для создания полностью персонализированной установки.",
    "title_contributing": "Вклад",
    "paragraph_contributing_0": "Вклады приветствуются! Не стесняйтесь отправлять проблемы и запросы на тягивание, чтобы улучшить <strong>Groove Launcher</strong>.",
    "list_paragraph_contributing_0": "Форкнуть репозиторий.",
    "list_paragraph_contributing_1": "Создайте новую ветку для вашей функции или исправления ошибок.",
    "list_paragraph_contributing_2": "Отправлять запрос на слияние, когда ваш код готов.",
    "title_license": "Лицензия",
    "paragraph_license": "Этот проект лицензирован под лицензией MIT - смотрите файл <a href=\"javascript:Groove.openURL('https://github.com/groovelauncher/GrooveLauncher?tab=MIT-1-ov-file')\">LICENSE</a> для деталей.",
    "title_contact": "Связаться",
    "paragraph_contact_0": "По любым вопросам или отзывам, не стесняйтесь связаться с нами!"
}