{
    "common": {
        "next": "далее",
        "previous": "назад",
        "pleaseWait": "Пожалуйста, подождите..."
    },
    "welcome": {
        "install": "Добро пожаловать",
        "update": "С возвращением",
        "appName": "Лаунчер Groove",
        "setupIntro": "Давайте настроим ваш опыт за несколько коротких шагов.",
        "warning": "Внимание: Это предварительно выпущенная программа и может содержать баги."
    },
    "wizard": {
        "title": "Мастер Обновлений",
        "description": "Давайте убедимся, что ваши данные перемещены безопасно! Нажмите кнопку «Далее», чтобы продолжить."
    },
    "access": {
        "title": "Специальные Возможности",
        "description": "Настройте свой опыт, чтобы убедиться, что всё чувствует себя правильно.",
        "background": "Фон",
        "scaling": "Масштаб"
    },
    "themes": {
        "light": "Светлый",
        "dark": "Тёмный"
    },
    "colors": {
        "title": "Выберите тему",
        "description": "Выберите цвет по вашему вкусу."
    },
    "whatsnew": {
        "title": "Что Нового?"
    },
    "finish": {
        "title": "Приготовьтесь Groove-ить",
        "description": "Ваша настройка завершена. Время начать!"
    }
}