{
    "common": {
        "next": "next",
        "previous": "previous",
        "pleaseWait": "Please wait..."
    },
    "welcome": {
        "install": "Welcome",
        "update": "Welcome back",
        "appName": "Groove Launcher",
        "setupIntro": "Let's setup your experience in a few short steps.",
        "warning": "Warning: This is pre-release software and may contain bugs."
    },
    "wizard": {
        "title": "Update Wizard",
        "description": "Let's ensure your data is moved across safely! Click next to continue."
    },
    "access": {
        "title": "Ease of Access",
        "description": "Customize your experience to ensure that everything feels just right.",
        "background": "Background",
        "scaling": "Scaling"
    },
    "themes": {
        "light": "Light",
        "dark": "Dark"
    },
    "colors": {
        "title": "Choose your color",
        "description": "Pick a color that matches your mood."
    },
    "whatsnew": {
        "title": "What's New?"
    },
    "finish": {
        "title": "Get ready to Groove",
        "description": "Your setup is done. Time to dive in!"
    }
}