{
    "lime": "Limoni xanče",
    "green": "Xanče",
    "emerald": "Muki? xanče",
    "teal": "Teal",
    "cyan": "Cyan",
    "cobalt": "Cobalt",
    "indigo": "Indigo",
    "violet": "Violet",
    "pink": "Pink",
    "magenta": "Magenta",
    "crimson": "Crimson",
    "red": "Red",
    "orange": "Orange",
    "amber": "Amber",
    "yellow": "Yellow",
    "brown": "Brown",
    "olive": "Olive",
    "steel": "Steel",
    "mauve": "Mauve",
    "taupe": "Taupe",
    "custom_color": "Custom color"
}