{
    "lime": "Lime",
    "green": "Zöld",
    "emerald": "Smaragd",
    "teal": "Kékeszöld",
    "cyan": "Cián",
    "cobalt": "Kobalt",
    "indigo": "Indigó",
    "violet": "Ibolya",
    "pink": "Rózsaszín",
    "magenta": "Magenta",
    "crimson": "Karmazsin",
    "red": "Piros",
    "orange": "Narancs",
    "amber": "Borostyán",
    "yellow": "Citromsárga",
    "brown": "Barna",
    "olive": "Olívazöld",
    "steel": "Acélszürke",
    "mauve": "Mályva",
    "taupe": "Tópszín",
    "custom_color": "Egyedi szín"
}