{
    "lime": "Açıq sarı",
    "green": "Yaşıl",
    "emerald": "Zümrüd",
    "teal": "Yaşıl-mavi",
    "cyan": "Mavi",
    "cobalt": "Göy-mavi",
    "indigo": "Göy",
    "violet": "Bənövşəyi",
    "pink": "Çəhrayı",
    "magenta": "Al-qırmızı",
    "crimson": "Tünd-qırmızı",
    "red": "Qırmızı",
    "orange": "Narıncı",
    "amber": "Kəhrəba",
    "yellow": "Sarı",
    "brown": "Qəhvəyi",
    "olive": "Zeytun",
    "steel": "Polad",
    "mauve": "Çəhrayı-bənövşəyi",
    "taupe": "Tünd-boz",
    "custom_color": "Özəl rəng"
}