{
    "lime": "Limon yeşili",
    "green": "Yeşil",
    "emerald": "Zümrüt yeşili",
    "teal": "Deniz mavisi",
    "cyan": "Camgöbeği",
    "cobalt": "Çini mavisi",
    "indigo": "Çivit mavisi",
    "violet": "Mor",
    "pink": "Pembe",
    "magenta": "Koyu pembe",
    "crimson": "Koyu kırmızı",
    "red": "Kırmızı",
    "orange": "Turuncu",
    "amber": "Bal rengi",
    "yellow": "Sarı",
    "brown": "Kahverengi",
    "olive": "Zeytin yeşili",
    "steel": "Çelik mavisi",
    "mauve": "Leylak",
    "taupe": "Boz kahverengi",
    "custom_color": "Özel renk"
}