{
    "lime": "Lima",
    "green": "Verde",
    "emerald": "Esmeralda",
    "teal": "Verde azulado",
    "cyan": "Cian",
    "cobalt": "Cobalto",
    "indigo": "Añil",
    "violet": "Violeta",
    "pink": "Rosa",
    "magenta": "Magenta",
    "crimson": "Carmesí",
    "red": "Rojo",
    "orange": "Naranja",
    "amber": "Ámbar",
    "yellow": "Amarillo",
    "brown": "Marrón",
    "olive": "Verde oliva",
    "steel": "Acero",
    "mauve": "Malva",
    "taupe": "Marrón topo",
    "custom_color": "Color personalizado"
}