{
    "lime": "Vàng chanh",
    "green": "Lục",
    "emerald": "Lục ngọc",
    "teal": "Mòng két",
    "cyan": "Lục lam",
    "cobalt": "Xanh thẫm",
    "indigo": "Chàm",
    "violet": "Tím",
    "pink": "Hồng",
    "magenta": "Hồng đậm",
    "crimson": "Đỏ sẫm",
    "red": "Đỏ",
    "orange": "Cam",
    "amber": "Hổ phách",
    "yellow": "Vàng",
    "brown": "Nâu",
    "olive": "Ôliu",
    "steel": "Thép",
    "mauve": "Hoa cà",
    "taupe": "Nâu sẫm",
    "custom_color": "Màu tùy chọn"
}