{
    "lime": "Лайм",
    "green": "Зелений",
    "emerald": "Смарагдовий",
    "teal": "Бірюзовий",
    "cyan": "Блакитний",
    "cobalt": "Кобальт",
    "indigo": "Індиго",
    "violet": "Фіолетовий",
    "pink": "Рожевий",
    "magenta": "Пурпуровий",
    "crimson": "Малиновий",
    "red": "Червоний",
    "orange": "Оранжевий",
    "amber": "Янтарний",
    "yellow": "Жовтий",
    "brown": "Коричневий",
    "olive": "Оливковий",
    "steel": "Сталевий",
    "mauve": "Бузковий",
    "taupe": "Кавовий",
    "custom_color": "Свій Колір"
}