{
  "actions": {
    "ok": "Ок",
    "okay": "Окей",
    "yes": "Так",
    "no": "Ні",
    "uninstall": "Видалити",
    "cancel": "Скасовувати",
    "apply": "Застосувати",
    "try_again": "Спробуйте знову",
    "light": "Світлий",
    "dark": "Темний",
    "remove": "Прибрати",
    "on": "Ввімкнути",
    "off": "Вимкнути",
    "locked": "Заблоковано",
    "unlocked": "Розблоковано"
  },
  "search": {
    "title": "Пошук",
    "no_results": "Не знайдено результатів за {{query}}",
    "search_store": "Шукати по магазину"
  },
  "errors": {
    "webview_old": "Webview застарів!",
    "home_reset": "Ваш робочий стіл був перезавантажений через фатальну помилку :( Будь ласка, повідомте про це:",
    "launch_timeout": "Система занадто довго вмикалась"
  },
  "app_menu": {
    "pin_to_home": "Прикріпити на робочий стіл",
    "uninstall": "Видалити"
  },
  "alerts": {
    "default": {
      "title": "Увага!",
      "message": "Повідомлення"
    },
    "uninstall": {
      "title": "Видалити цей застосунок?",
      "message": "Цей застосунок та вся інформація асоційована з ним буде видалена з вашого пристрою."
    }
  },
  "numbers": {
    "percent": "{{value}}%",
    "decimal": "{{whole}}.{{decimal}}",
    "bytes": {
      "b": "{{size}} Байт",
      "kb": "{{size}} Кілобайт",
      "mb": "{{size}} Мегабайт",
      "gb": "{{size}} Гігабайт",
      "tb": "{{size}} Терабайт"
    }
  }
}