{
    "common": {
        "next": "volgende",
        "previous": "vorige",
        "pleaseWait": "Even wachten..."
    },
    "welcome": {
        "install": "Welkom",
        "update": "Welkom terug",
        "appName": "Groove Launcher",
        "setupIntro": "Laten we jouw ervaring in een paar stappen instellen.",
        "warning": "Waarschuwing: Dit is pre-release software en kan bugs bevatten."
    },
    "wizard": {
        "title": "Updatewizard",
        "description": "Laten we ervoor zorgen dat uw gegevens veilig worden verplaatst! Klik op Volgende om door te gaan."
    },
    "access": {
        "title": "Toegankelijkheid",
        "description": "Verander jouw ervaring om er zeker van te zijn dat alles juist voelt.",
        "background": "Achtergrond",
        "scaling": "Schalen"
    },
    "themes": {
        "light": "Wit",
        "dark": "Zwart"
    },
    "colors": {
        "title": "Kies jouw kleur",
        "description": "Kies een kleur dat bij jouw stemming past."
    },
    "whatsnew": {
        "title": "Wat is nieuw?"
    },
    "finish": {
        "title": "Wees gereed om te Grooven",
        "description": "Je installatie is klaar. Tijd om in te duiken!"
    }
}