{
    "lime": "Limonkowy",
    "green": "Zielony",
    "emerald": "Szmaragdowy",
    "teal": "Teal",
    "cyan": "Cyjanowy",
    "cobalt": "Kobalt",
    "indigo": "Indigo",
    "violet": "Fioletowy",
    "pink": "Różowy",
    "magenta": "Fuksja",
    "crimson": "Crimson",
    "red": "Czerwony",
    "orange": "Pomarańczowy",
    "amber": "Bursztynowy",
    "yellow": "Żółty",
    "brown": "Brązowy",
    "olive": "Oliwkowy",
    "steel": "Stal",
    "mauve": "Mauve",
    "taupe": "Taupe",
    "custom_color": "Kolor własny"
}