{
    "common": {
        "next": "następny",
        "previous": "poprzedni",
        "pleaseWait": "Proszę czekać..."
    },
    "welcome": {
        "install": "Witaj",
        "update": "Witaj ponownie",
        "appName": "Groove Launcher",
        "setupIntro": "Let's setup your experience in a few short steps.",
        "warning": "Uwaga: To jest wydanie przedpremierowe i może zawierać błędy."
    },
    "wizard": {
        "title": "Update Wizard",
        "description": "Plik czcionki jest nieprawidłowy. Upewnij się że to jest plik z rozszerzeniem. ttf i spróbuj. wysłać ponownie."
    },
    "access": {
        "title": "Ułatwienia dostępu",
        "description": "Customize your experience to ensure that everything feels just right.",
        "background": "Tło",
        "scaling": "Skalowanie"
    },
    "themes": {
        "light": "Jasny",
        "dark": "Ciemny"
    },
    "colors": {
        "title": "Wybierz swój kolor",
        "description": "Wybierz kolor, który odpowiada twojemu nastrojowi."
    },
    "whatsnew": {
        "title": "Co nowego?"
    },
    "finish": {
        "title": "Get ready to Groove",
        "description": "Wszystko gotowe!"
    }
}