{
    "lime": "Лайм зелено",
    "green": "Зелено",
    "emerald": "Смарагд",
    "teal": "Синьозелено",
    "cyan": "Циан",
    "cobalt": "Кобалт",
    "indigo": "Индиго",
    "violet": "Виолетово",
    "pink": "Розово",
    "magenta": "Магента",
    "crimson": "Пурпурно",
    "red": "Червено",
    "orange": "Оранжево",
    "amber": "Кехлибар",
    "yellow": "Жълто",
    "brown": "Кафяво",
    "olive": "Маслиненозелено",
    "steel": "Стомана",
    "mauve": "Лилаво",
    "taupe": "Кафяво",
    "custom_color": "Персонализиран цвят"
}