{
  "actions": {
    "ok": "Ок",
    "okay": "Добре",
    "yes": "Да",
    "no": "Не",
    "uninstall": "Деинсталиране",
    "cancel": "Отказ",
    "apply": "Приложи",
    "try_again": "Опитай отново",
    "light": "Светъл",
    "dark": "Тъмен",
    "remove": "Премахни",
    "on": "Включено",
    "off": "Изключено",
    "locked": "Заключен",
    "unlocked": "Отключен"
  },
  "search": {
    "title": "Търси",
    "no_results": "Няма намерени резултати за {{query}}",
    "search_store": "търси в Магазина"
  },
  "errors": {
    "webview_old": "WebView е твърде стар!",
    "home_reset": "Началният Ви екран е възстановен до фабрични настройки поради фатална грешка :( Моля докладвайте:",
    "launch_timeout": "Системата отнема твърде дълго да се стартира"
  },
  "app_menu": {
    "pin_to_home": "Закачи на начална страница",
    "uninstall": "Деинсталирай"
  },
  "alerts": {
    "default": {
      "title": "Предупреждение!",
      "message": "Съобщение"
    },
    "uninstall": {
      "title": "Деинсталирай това приложение?",
      "message": "Това приложение, и данните асоциирани с него, ще бъдат изтрити."
    }
  },
  "numbers": {
    "percent": "{{value}}%",
    "decimal": "{{whole}}.{{decimal}}",
    "bytes": {
      "b": "{{size}} Б",
      "kb": "{{size}} КБ",
      "mb": "{{size}} МБ",
      "gb": "{{size}} ГБ",
      "tb": "{{size}} ТБ"
    }
  }
}