{
    "entry": "<strong>Groove Launcher</strong> е метро-стил стартер, проектиран за адаптивно и елегантно изживяване на потребителя. Потребителите имат възможност да персонализират своя стартер като променят размера на плочките и позицията им, персонализират цвета на темата и зададат любимия си тапет.",
    "title_features": "Функции",
    "list_featuers_0": "<strong>Metro-Style интерфейс</strong> Изчистен и модерен дизайн, вдъхновен от Windows Phone 8.",
    "list_featuers_1": "<strong>Персонализирани плочки:</strong> Плъзгайте и поставяйте плочки, променяйте техния размер и ги подредете според вашия вкус.",
    "list_featuers_2": "<strong>Персонализиране на Темата:</strong> Променете цвета на стартера според Вашето настроение или естетика.",
    "list_featuers_3": "<strong>Персонализиране на Тапета:</strong> Изберете и задайте свой собствени тапети за напълно персонализирана настройка.",
    "title_contributing": "Сътрудничество",
    "paragraph_contributing_0": "Приносът е добре дошъл! Чувствайте се свободни да изпращате проблеми и заявки за изтегляне, за да помогнете за подобряването на <strong>Groove Launcher</strong>.",
    "list_paragraph_contributing_0": "Разклонете хранилището.",
    "list_paragraph_contributing_1": "Създайте нов клон за вашата функция или поправка на бъг.",
    "list_paragraph_contributing_2": "Подайте заявка за изтегляне, когато кодът Ви е готов.",
    "title_license": "Лиценз",
    "paragraph_license": "Този проект е лицензиран под лиценза MIT - вижте <a href=\"javascript:Groove.openURL('https://github.com/groovelauncher/GrooveLauncher?tab=MIT-1-ov-file')\">LICENSE</a> файла за подробности.",
    "title_contact": "Контакт",
    "paragraph_contact_0": "За запитвания или обратна връзка, не се колебайте да се свържете с нас!"
}