{
    "common": {
        "next": "следващ",
        "previous": "предишен",
        "pleaseWait": "Моля изчакайте..."
    },
    "welcome": {
        "install": "Добре дошли",
        "update": "Добре дошли отново",
        "appName": "Groove Launcher",
        "setupIntro": "Нека настроим Вашето преживяване в няколко кратки стъпки.",
        "warning": "Внимание: Това е предварително пуснат софтуер и може да съдържа бъгове."
    },
    "wizard": {
        "title": "Съветник за актуализиране",
        "description": "Нека се уверим, че вашите данни се пренасят безопасно! Кликнете върху следващ за да продължите."
    },
    "access": {
        "title": "Улеснен достъп",
        "description": "Персонализирайте Вашето изживяване, за да сте сигурни, че всичко е както трябва.",
        "background": "Фон",
        "scaling": "Мащабиране"
    },
    "themes": {
        "light": "Светъл",
        "dark": "Тъмен"
    },
    "colors": {
        "title": "Изберете своя цвят",
        "description": "Изберете цвят, който съответства на вашето настроение."
    },
    "whatsnew": {
        "title": "Какво ново?"
    },
    "finish": {
        "title": "Пригответе се за Groove",
        "description": "Вашата настройка е готова. Време е да се потопите!"
    }
}