{
    "lime": "Lindgrün",
    "green": "Grün",
    "emerald": "Smaragdgrün",
    "teal": "Blaugrün",
    "cyan": "Zyan",
    "cobalt": "Kobalt",
    "indigo": "Indigo",
    "violet": "Violett",
    "pink": "Rosa",
    "magenta": "Magenta",
    "crimson": "Purpur",
    "red": "Rot",
    "orange": "Orange",
    "amber": "Bernstein",
    "yellow": "Gelb",
    "brown": "Braun",
    "olive": "Olivgrün",
    "steel": "Stahlgrau",
    "mauve": "Mauve",
    "taupe": "Taupe",
    "custom_color": "Benutzerdefinierte Farbe"
}