{
  "actions": {
    "ok": "Ok",
    "okay": "Okay",
    "yes": "Ja",
    "no": "Nein",
    "uninstall": "Deinstallieren",
    "cancel": "Abbrechen",
    "apply": "Anwenden",
    "try_again": "Nochmals versuchen",
    "light": "Hell",
    "dark": "Dunkel",
    "remove": "Entfernen",
    "on": "Ein",
    "off": "Aus",
    "locked": "Ausgeschaltet",
    "unlocked": "Entsperrt"
  },
  "search": {
    "title": "Suchen",
    "no_results": "Keine Ergebnisse für {{query}} gefunden",
    "search_store": "Store durchsuchen"
  },
  "errors": {
    "webview_old": "WebView ist veraltet!",
    "home_reset": "Der Startbildschirm wurde aufgrund eines fatalen Fehlers zurückgesetzt. Bitte melden:",
    "launch_timeout": "Systemstart dauerte zu lange"
  },
  "app_menu": {
    "pin_to_home": "Am Startbildschirm anheften",
    "uninstall": "Deinstallieren"
  },
  "alerts": {
    "default": {
      "title": "Achtung!",
      "message": "Meldung"
    },
    "uninstall": {
      "title": "Diese App deinstallieren?",
      "message": "Diese App und alle zugehörigen Daten werden von Ihrem Gerät gelöscht."
    }
  },
  "numbers": {
    "percent": "{{value}}%",
    "decimal": "{{whole}},{{decimal}}",
    "bytes": {
      "b": "{{size}} B",
      "kb": "{{size}} KB",
      "mb": "{{size}} MB",
      "gb": "{{size}} GB",
      "tb": "{{size}} TB"
    }
  }
}