{
    "common": {
        "next": "weiter",
        "previous": "zurück",
        "pleaseWait": "Bitte warten..."
    },
    "welcome": {
        "install": "Willkommen",
        "update": "Willkommen zurück",
        "appName": "Groove Launcher",
        "setupIntro": "Lassen Sie uns Ihre Erfahrung in wenigen einfachen Schritten einrichten.",
        "warning": "Warnung: Dies ist eine Vorabversion der Software und kann Fehler enthalten."
    },
    "wizard": {
        "title": "Update-Assistent",
        "description": "Lassen Sie uns dafür sorgen, dass Ihre Daten sicher übertragen werden! Klicken Sie auf „Weiter“, um fortzufahren."
    },
    "access": {
        "title": "Erleichterte Bedienung",
        "description": "Passen Sie Ihre Erfahrung an, damit alles perfekt passt.",
        "background": "Hintergrund",
        "scaling": "Skalierung"
    },
    "themes": {
        "light": "Hell",
        "dark": "Dunkel"
    },
    "colors": {
        "title": "Wählen Sie Ihre Farbe",
        "description": "Wählen Sie eine Farbe, die zu Ihrer Stimmung passt."
    },
    "whatsnew": {
        "title": "Was gibt’s Neues?"
    },
    "finish": {
        "title": "Machen Sie sich bereit für Groove",
        "description": "Die Einrichtung ist erledigt. Steige ein!"
    }
}