{
    "lime": "Limwyi",
    "green": "Sabz",
    "emerald": "Zomorrodi",
    "teal": "Sabzubi",
    "cyan": "Firwzeiyé Róscan",
    "cobalt": "Ubiyé Kobult",
    "indigo": "Nili",
    "violet": "Banafsc",
    "pink": "Swrati",
    "magenta": "Sorxubi",
    "crimson": "Zerescki",
    "red": "Qermez",
    "orange": "Nurenji",
    "amber": "Kahrobuyi",
    "yellow": "Zard",
    "brown": "Qahveyi",
    "olive": "Zeytwni",
    "steel": "Estil",
    "mauve": "Banafscé Róschan",
    "taupe": "Qahveyiyé Xukestari",
    "custom_color": "Rangé sefureschi"
}